Driver ID,Driver Name,Idle Deduct,Idle Percent,MPG Deduct,Efficiency (MPG),Harsh Deduct,Harsh Events,Safety Deduct,Safety Score,Total Bonus
12979263,Rodney Pugh,0,6.0,25,6.69,0,0,0,98,475
12447713,Amritpal Bhatthal,0,5.48,0,7.22,0,0,25,96,475
7474515,Satnam Singh Sidhu,0,5.82,25,6.8,0,0,0,98,475
4400321,Rob Beaudreau,25,8.88,0,7.08,0,0,25,97,450
4400411,Robert Nordstrom,0,4.89,0,7.97,0,0,50,95,450
24651743,Zoran Dordevic,25,17.53,0,6.99,0,0,25,96,450
5967803,Brett McCormick,0,5.84,25,6.34,25,1,0,98,450
31773564,Yadvinder Singh,0,3.63,0,7.58,25,1,25,96,450
4400426,David Anderson,0,6.77,25,6.45,0,0,50,81,425
31239131,Gaganpreet Singh,0,5.41,25,6.86,0,0,50,92,425
23511908,Palwinder S Sidhu,0,1.26,0,7.44,25,1,50,87,425
4400308,Dan Thompson,0,0.94,25,6.78,0,0,50,95,425
23742446,Harsimranjit Singh,0,5.8,25,6.32,0,0,50,32,425
6009333,Simratpal Singh,25,11.85,0,6.95,0,0,50,86,425
14591296,Sukhwinder Singh Sandhu,0,4.49,25,6.79,0,0,50,93,425
23461722,Alambir Singh,25,22.11,0,6.96,0,0,50,79,425
17590835,Balwinder Singh,25,13.98,0,6.95,0,0,50,81,425
33559688,Jeff Tebbenham,25,11.02,0,6.99,0,0,50,82,425
15635457,Varinder Singh Sandhu,0,1.62,25,6.39,0,0,50,95,425
4400414,Philip Parsons,0,5.88,25,6.37,0,0,50,65,425
4400382,David Duchesne,0,6.54,25,6.28,0,0,50,89,425
26230530,Harnek Singh Sanghera,25,11.81,25,6.84,0,0,25,97,425
4400298,Bill Wittal,25,11.94,0,7.05,50,2,0,98,425
32339998,Jaswinder Singh,25,14.88,0,6.91,0,0,50,88,425
4400296,Simon Ablitt,0,2.37,0,6.0,50,2,50,59,400
17027620,Balkar Singh,25,16.41,25,6.78,0,0,50,92,400
4400361,Ralph Muench,0,1.64,25,6.51,25,1,50,95,400
12447030,Jagjit Sidhu,25,12.84,25,6.43,0,0,50,77,400
4400331,Gordon Crawford,25,12.37,0,5.96,25,1,50,63,400
13683043,Prakash Lataula,25,11.42,25,6.48,0,0,50,40,400
23561092,Sukhdev Singh,25,10.84,25,6.39,0,0,50,91,400
6673320,Larry Keast,25,8.66,25,6.29,0,0,50,80,400
24776394,Harpreet S Grewal,25,8.84,25,6.53,0,0,50,53,400
25299132,Paramjit Singh,25,12.51,0,6.97,25,1,50,88,400
26224652,Jechryl Tomado,25,13.83,25,6.52,0,0,50,57,400
31930021,Harsukhdeep Singh,25,13.01,0,6.93,25,1,50,85,400
36022239,Dmitriy Butin,25,14.96,25,6.2,0,0,50,60,400
7258913,Harold King,0,6.79,0,7.04,50,2,50,90,400
7841173,Vladimir,25,13.74,25,6.71,0,0,50,73,400
6684835,Navtej Sandhu,0,4.12,25,6.0,25,1,50,75,400
6464661,Gurpreet Brar,25,12.2,25,6.87,0,0,50,94,400
6009101,Avtar Litt,25,18.89,25,6.84,0,0,50,71,400
5959732,Varinder Billing,25,10.09,25,6.07,0,0,50,78,400
4400384,Mike List,25,19.44,25,6.17,0,0,50,92,400
4400415,Dave Hotchkiss,0,3.74,25,6.29,25,1,50,85,400
23512251,Varinder Singh,25,20.42,25,6.89,25,1,50,82,375
4856561,Pardeep Nagra,25,16.51,25,6.52,25,1,50,89,375
20191370,Dale Matz,0,6.55,25,6.1,50,2,50,67,375
12448070,Harinder Singh Nahal,0,6.99,25,6.62,50,3,50,85,375
4400418,Kevin Park,25,21.27,50,5.45,0,0,50,72,375
24130082,Mandeep Gill,25,11.1,50,5.48,0,0,50,63,375
5318372,Michelle Towert,0,6.67,25,6.68,50,3,50,62,375
23798503,Jaswinder S Jandu,25,11.94,50,4.94,0,0,50,48,375
24130308,Gurpreet Sidhu,25,23.54,25,6.44,25,1,50,28,375
4400390,Christopher Weatherhead,25,21.63,50,5.56,0,0,50,92,375
37287130,Rakinder Singh,25,17.11,0,6.94,50,2,50,91,375
4400336,Gurnek Gill,0,6.92,25,6.09,50,3,50,83,375
4400379,Wayne Shaw,25,10.75,50,5.42,0,0,50,91,375
20112303,Karamveer Singh Sidhu,25,10.61,25,6.81,25,1,50,93,375
22240646,Gurkamal Singh Dhillon,50,25.13,25,6.55,0,0,50,77,375
12080713,Hernan Silva,25,12.46,0,5.94,50,2,50,73,375
16756127,Jin You Zhong,25,8.44,50,5.82,0,0,50,94,375
5960026,Vichi Grosu,25,12.77,25,6.55,25,1,50,69,375
7597375,Harmandeep Gill,25,11.72,25,6.64,25,1,50,40,375
6009250,Amritpal Singh,25,17.56,25,6.71,25,1,50,78,375
6836387,Jagtar Singh,25,11.32,25,6.04,25,1,50,25,375
7597440,Tim Jarvis,0,4.92,50,5.8,25,1,50,51,375
35566563,Ian Hawey,25,7.42,25,6.11,50,6,50,83,350
6957490,Richard Halsall,25,13.99,25,6.14,50,8,50,46,350
23797712,Kulwinder Sidhu,25,15.79,25,6.21,50,7,50,33,350
4400400,Stephen Graham,25,20.75,25,6.02,50,3,50,53,350
4400282,Marc Filiatrault,25,7.35,25,6.42,50,5,50,0,350
32339585,Mandeep Hundal,25,15.43,25,6.6,50,6,50,92,350
32667161,Gurkirat Samra,25,15.93,25,6.67,50,4,50,79,350
4400342,Rick Hargreaves,25,12.76,25,6.34,50,7,50,34,350
7597371,Damanpreet Singh,25,11.19,25,6.59,50,5,50,19,350
27496357,Michael Stefanyk,50,24.72,50,4.87,0,0,50,90,350
4400377,Hameed Sediq,25,16.91,25,6.01,50,4,50,20,350
36036670,SIMON XIE,25,10.27,25,6.54,50,10,50,59,350
30352475,Mike Day,25,11.25,25,6.27,50,6,50,62,350
4400291,Lorne Serpa,25,19.45,25,6.16,50,5,50,73,350
6464683,Hardeep Sidhu,25,9.33,25,6.14,50,2,50,59,350
12448491,Raymond Bauder,25,13.85,25,6.14,50,5,50,19,350
4856558,Pargat Chohan,0,3.05,50,5.65,50,2,50,84,350
12448384,Fuljit Dhillon,25,9.87,25,6.62,50,2,50,81,350
5959918,Satnam Dhaliwal,25,8.68,25,6.26,50,2,50,34,350
4400396,Michael Cranmer,25,10.17,25,6.06,50,2,50,47,350
4400373,Luke Slater,25,11.22,50,5.62,25,1,50,89,350
21578797,Varinder Singh,25,11.36,25,6.16,50,4,50,20,350
31217896,Ana Villada,25,10.84,25,6.82,50,2,50,63,350
29756384,Nikita Rozhkov,25,11.96,50,5.8,25,1,50,89,350
24775008,Jagwinder Singh,25,10.07,25,6.36,50,4,50,80,350
23792167,Sher Jung,25,12.95,50,5.79,50,2,50,23,325
26398043,Mewa Sanghera,25,7.98,50,5.47,50,4,50,36,325
24129844,Jaspal Dhillon,25,22.45,50,5.37,50,7,50,0,325
6487967,Gagandeep Dhaliwal,25,19.94,50,5.84,50,2,50,76,325
14965769,Mangal Singh,25,18.24,50,5.62,50,2,50,25,325
6465006,Deepinder Singh,25,17.12,50,5.42,50,26,50,60,325
4400381,Brian Wasik,25,15.98,50,5.58,50,7,50,67,325
14781391,Harpreet Singh Sudhan,50,31.65,25,6.36,50,2,50,78,325
